1.1.1.7,443,https,open,tcpscan,"NULL","NULL","b'HTTP/1.1 400 Bad Request\r\nServer: cloudflare\r\nDate: Sun, 08 Nov 2020 04:39:27 GMT\r\nContent-Type: text/html\r\nContent-Length: 253\r\nConnection: close\r\nCF-RAY: -\r\n\r\n<html>\r\n<head><title>400 The plain HTTP request was sent to HTTPS port</title></head>\r\n<body>\r\n<center><h1>400 Bad Request</h1></center>\r\n<center>The plain HTTP request was sent to HTTPS port</center>\r\n<hr><center>cloudflare</center>\r\n</body>\r\n</html>\r\n'"
1.1.1.7,80,http,open,tcpscan,"NULL","NULL","b'HTTP/1.1 403 Forbidden\r\nDate: Sun, 08 Nov 2020 04:39:27 GMT\r\nContent-Type: text/plain; charset=UTF-8\r\nContent-Length: 16\r\nConnection: close\r\nX-Frame-Options: SAMEORIGIN\r\nCache-Control: private, max-age=0, no-store, no-cache, must-revalidate, post-check=0, pre-check=0\r\nExpires: Thu, 01 Jan 1970 00:00:01 GMT\r\nSet-Cookie: __cfduid=d5a18de5657b3690e3264a5cada6ff8f31604810367; expires=Tue, 08-Dec-20 04:39:27 GMT; path=/; domain=.1.1.1.7; HttpOnly; SameSite=Lax\r\ncf-request-id: 0647bff9fc000035f105a81000000001\r\nSe'"
1.1.1.7,25,unkonw,filtered,tcpscan,"NULL","NULL","timed out"
1.1.1.7,110,unkonw,filtered,tcpscan,"NULL","NULL","timed out"
1.1.1.7,25,smtp,filtered,nmap,"","","NULL"
1.1.1.7,80,http,open,nmap,"Cloudflare http proxy","","NULL"
1.1.1.7,110,pop3,filtered,nmap,"","","NULL"
1.1.1.7,443,https,open,nmap,"cloudflare","","NULL"
1.1.1.3,443,https,open,tcpscan,"NULL","NULL","b'HTTP/1.1 400 Bad Request\r\nServer: cloudflare\r\nDate: Sun, 08 Nov 2020 04:39:27 GMT\r\nContent-Type: text/html\r\nContent-Length: 253\r\nConnection: close\r\nCF-RAY: -\r\n\r\n<html>\r\n<head><title>400 The plain HTTP request was sent to HTTPS port</title></head>\r\n<body>\r\n<center><h1>400 Bad Request</h1></center>\r\n<center>The plain HTTP request was sent to HTTPS port</center>\r\n<hr><center>cloudflare</center>\r\n</body>\r\n</html>\r\n'"
1.1.1.3,80,https,open,tcpscan,"NULL","NULL","b'HTTP/1.1 302 Moved Temporarily\r\nDate: Sun, 08 Nov 2020 04:39:27 GMT\r\nTransfer-Encoding: chunked\r\nConnection: keep-alive\r\nCache-Control: private, max-age=0, no-store, no-cache, must-revalidate, post-check=0, pre-check=0\r\nExpires: Thu, 01 Jan 1970 00:00:01 GMT\r\nLocation: https://one.one.one.one/family/\r\ncf-request-id: 0647bffa2c0000e7dd79070000000001\r\nServer: cloudflare\r\nCF-RAY: 5eec9c3d1f67e7dd-LAX\r\n\r\n0\r\n\r\n'"
1.1.1.3,25,unkonw,filtered,tcpscan,"NULL","NULL","timed out"
1.1.1.3,110,unkonw,filtered,tcpscan,"NULL","NULL","timed out"
1.1.1.3,25,smtp,filtered,nmap,"","","NULL"
1.1.1.3,80,http,open,nmap,"Cloudflare http proxy","","NULL"
1.1.1.3,110,pop3,filtered,nmap,"","","NULL"
1.1.1.3,443,http,open,nmap,"Cloudflare http proxy","","NULL"
1.1.1.2,80,https,open,tcpscan,"NULL","NULL","b'HTTP/1.1 302 Moved Temporarily\r\nDate: Sun, 08 Nov 2020 04:39:27 GMT\r\nTransfer-Encoding: chunked\r\nConnection: keep-alive\r\nCache-Control: private, max-age=0, no-store, no-cache, must-revalidate, post-check=0, pre-check=0\r\nExpires: Thu, 01 Jan 1970 00:00:01 GMT\r\nLocation: https://one.one.one.one/family/\r\ncf-request-id: 0647bffa060000364fd837b000000001\r\nServer: cloudflare\r\nCF-RAY: 5eec9c3cdced364f-LAX\r\n\r\n0\r\n\r\n'"
1.1.1.2,443,https,open,tcpscan,"NULL","NULL","b'HTTP/1.1 400 Bad Request\r\nServer: cloudflare\r\nDate: Sun, 08 Nov 2020 04:39:27 GMT\r\nContent-Type: text/html\r\nContent-Length: 253\r\nConnection: close\r\nCF-RAY: -\r\n\r\n<html>\r\n<head><title>400 The plain HTTP request was sent to HTTPS port</title></head>\r\n<body>\r\n<center><h1>400 Bad Request</h1></center>\r\n<center>The plain HTTP request was sent to HTTPS port</center>\r\n<hr><center>cloudflare</center>\r\n</body>\r\n</html>\r\n'"
1.1.1.2,25,unkonw,filtered,tcpscan,"NULL","NULL","timed out"
1.1.1.2,110,unkonw,filtered,tcpscan,"NULL","NULL","timed out"
1.1.1.2,25,smtp,filtered,nmap,"","","NULL"
1.1.1.2,80,http,open,nmap,"Cloudflare http proxy","","NULL"
1.1.1.2,110,pop3,filtered,nmap,"","","NULL"
1.1.1.2,443,http,open,nmap,"Cloudflare http proxy","","NULL"
1.1.1.8,80,http,open,tcpscan,"NULL","NULL","b'HTTP/1.1 403 Forbidden\r\nDate: Sun, 08 Nov 2020 04:39:27 GMT\r\nContent-Type: text/plain; charset=UTF-8\r\nContent-Length: 16\r\nConnection: close\r\nX-Frame-Options: SAMEORIGIN\r\nCache-Control: private, max-age=0, no-store, no-cache, must-revalidate, post-check=0, pre-check=0\r\nExpires: Thu, 01 Jan 1970 00:00:01 GMT\r\nSet-Cookie: __cfduid=d20beedfb84b9d689d17979429c4b3b2d1604810367; expires=Tue, 08-Dec-20 04:39:27 GMT; path=/; domain=.1.1.1.8; HttpOnly; SameSite=Lax\r\ncf-request-id: 0647bffb800000991d8900f000000001\r\nSe'"
1.1.1.8,443,https,open,tcpscan,"NULL","NULL","b'HTTP/1.1 400 Bad Request\r\nServer: cloudflare\r\nDate: Sun, 08 Nov 2020 04:39:27 GMT\r\nContent-Type: text/html\r\nContent-Length: 253\r\nConnection: close\r\nCF-RAY: -\r\n\r\n<html>\r\n<head><title>400 The plain HTTP request was sent to HTTPS port</title></head>\r\n<body>\r\n<center><h1>400 Bad Request</h1></center>\r\n<center>The plain HTTP request was sent to HTTPS port</center>\r\n<hr><center>cloudflare</center>\r\n</body>\r\n</html>\r\n'"
1.1.1.8,25,unkonw,filtered,tcpscan,"NULL","NULL","timed out"
1.1.1.8,110,unkonw,filtered,tcpscan,"NULL","NULL","timed out"
1.1.1.8,25,smtp,filtered,nmap,"","","NULL"
1.1.1.8,80,http,open,nmap,"Cloudflare http proxy","","NULL"
1.1.1.8,110,pop3,filtered,nmap,"","","NULL"
1.1.1.8,443,https,open,nmap,"cloudflare","","NULL"
8.8.8.4,25,unkonw,filtered,tcpscan,"NULL","NULL","timed out"
8.8.8.4,110,unkonw,filtered,tcpscan,"NULL","NULL","timed out"
1.1.1.5,80,http,open,tcpscan,"NULL","NULL","b'HTTP/1.1 403 Forbidden\r\nDate: Sun, 08 Nov 2020 04:39:28 GMT\r\nContent-Type: text/plain; charset=UTF-8\r\nContent-Length: 16\r\nConnection: close\r\nX-Frame-Options: SAMEORIGIN\r\nCache-Control: private, max-age=0, no-store, no-cache, must-revalidate, post-check=0, pre-check=0\r\nExpires: Thu, 01 Jan 1970 00:00:01 GMT\r\nSet-Cookie: __cfduid=d3823084e6add0a9bd5f9740ecdb1da541604810368; expires=Tue, 08-Dec-20 04:39:28 GMT; path=/; domain=.1.1.1.5; HttpOnly; SameSite=Lax\r\ncf-request-id: 0647bffde90000053833bd1000000001\r\nSe'"
1.1.1.5,443,https,open,tcpscan,"NULL","NULL","b'HTTP/1.1 400 Bad Request\r\nServer: cloudflare\r\nDate: Sun, 08 Nov 2020 04:39:28 GMT\r\nContent-Type: text/html\r\nContent-Length: 253\r\nConnection: close\r\nCF-RAY: -\r\n\r\n<html>\r\n<head><title>400 The plain HTTP request was sent to HTTPS port</title></head>\r\n<body>\r\n<center><h1>400 Bad Request</h1></center>\r\n<center>The plain HTTP request was sent to HTTPS port</center>\r\n<hr><center>cloudflare</center>\r\n</body>\r\n</html>\r\n'"
1.1.1.5,25,unkonw,filtered,tcpscan,"NULL","NULL","timed out"
1.1.1.5,110,unkonw,filtered,tcpscan,"NULL","NULL","timed out"
1.1.1.5,25,smtp,filtered,nmap,"","","NULL"
1.1.1.5,80,http,open,nmap,"Cloudflare http proxy","","NULL"
1.1.1.5,110,pop3,filtered,nmap,"","","NULL"
1.1.1.5,443,https,open,nmap,"cloudflare","","NULL"
8.8.8.1,25,unkonw,filtered,tcpscan,"NULL","NULL","timed out"
8.8.8.1,110,unkonw,filtered,tcpscan,"NULL","NULL","timed out"
1.1.1.1,80,https,open,tcpscan,"NULL","NULL","b'HTTP/1.1 301 Moved Permanently\r\nDate: Sun, 08 Nov 2020 04:39:29 GMT\r\nContent-Type: text/html\r\nTransfer-Encoding: chunked\r\nConnection: keep-alive\r\nLocation: https://1.1.1.1/\r\nServed-In-Seconds: 0.000\r\nCF-Cache-Status: HIT\r\nAge: 1797\r\nExpires: Sun, 08 Nov 2020 08:39:29 GMT\r\nCache-Control: public, max-age=14400\r\ncf-request-id: 0647c000b80000d372ae9f2000000001\r\nServer: cloudflare\r\nCF-RAY: 5eec9c478a69d372-LAX\r\n\r\nba\r\n<html>\r\n<head><title>301 Moved Permanently</title></head>\r\n<body bgcolor=white>\r\n<center><h1>3'"
1.1.1.1,25,unkonw,filtered,tcpscan,"NULL","NULL","timed out"
1.1.1.1,110,unkonw,filtered,tcpscan,"NULL","NULL","timed out"
1.1.1.1,443,https,open,tcpscan,"NULL","NULL","b'HTTP/1.1 400 Bad Request\r\nServer: cloudflare\r\nDate: Sun, 08 Nov 2020 04:39:29 GMT\r\nContent-Type: text/html\r\nContent-Length: 253\r\nConnection: close\r\nCF-RAY: -\r\n\r\n<html>\r\n<head><title>400 The plain HTTP request was sent to HTTPS port</title></head>\r\n<body>\r\n<center><h1>400 Bad Request</h1></center>\r\n<center>The plain HTTP request was sent to HTTPS port</center>\r\n<hr><center>cloudflare</center>\r\n</body>\r\n</html>\r\n'"
1.1.1.1,25,smtp,filtered,nmap,"","","NULL"
1.1.1.1,80,http,open,nmap,"Cloudflare http proxy","","NULL"
1.1.1.1,110,pop3,filtered,nmap,"","","NULL"
1.1.1.1,443,http,open,nmap,"Cloudflare http proxy","","NULL"
8.8.8.3,25,unkonw,filtered,tcpscan,"NULL","NULL","timed out"
8.8.8.3,110,unkonw,filtered,tcpscan,"NULL","NULL","timed out"
8.8.8.5,25,unkonw,filtered,tcpscan,"NULL","NULL","timed out"
8.8.8.5,110,unkonw,filtered,tcpscan,"NULL","NULL","timed out"
8.8.8.6,25,unkonw,filtered,tcpscan,"NULL","NULL","timed out"
8.8.8.6,110,unkonw,filtered,tcpscan,"NULL","NULL","timed out"
1.1.1.6,443,https,open,tcpscan,"NULL","NULL","b'HTTP/1.1 400 Bad Request\r\nServer: cloudflare\r\nDate: Sun, 08 Nov 2020 04:39:30 GMT\r\nContent-Type: text/html\r\nContent-Length: 253\r\nConnection: close\r\nCF-RAY: -\r\n\r\n<html>\r\n<head><title>400 The plain HTTP request was sent to HTTPS port</title></head>\r\n<body>\r\n<center><h1>400 Bad Request</h1></center>\r\n<center>The plain HTTP request was sent to HTTPS port</center>\r\n<hr><center>cloudflare</center>\r\n</body>\r\n</html>\r\n'"
1.1.1.6,25,unkonw,filtered,tcpscan,"NULL","NULL","timed out"
1.1.1.6,110,unkonw,filtered,tcpscan,"NULL","NULL","timed out"
1.1.1.6,25,smtp,filtered,nmap,"","","NULL"
1.1.1.6,80,http,open,nmap,"Cloudflare http proxy","","NULL"
1.1.1.6,110,pop3,filtered,nmap,"","","NULL"
1.1.1.6,443,https,open,nmap,"cloudflare","","NULL"
8.8.8.7,25,unkonw,filtered,tcpscan,"NULL","NULL","timed out"
8.8.8.7,110,unkonw,filtered,tcpscan,"NULL","NULL","timed out"
8.8.8.2,25,unkonw,filtered,tcpscan,"NULL","NULL","timed out"
8.8.8.2,110,unkonw,filtered,tcpscan,"NULL","NULL","timed out"
1.1.1.4,80,http,open,tcpscan,"NULL","NULL","b'HTTP/1.1 403 Forbidden\r\nDate: Sun, 08 Nov 2020 04:39:31 GMT\r\nContent-Type: text/plain; charset=UTF-8\r\nContent-Length: 16\r\nConnection: close\r\nX-Frame-Options: SAMEORIGIN\r\nCache-Control: private, max-age=0, no-store, no-cache, must-revalidate, post-check=0, pre-check=0\r\nExpires: Thu, 01 Jan 1970 00:00:01 GMT\r\nSet-Cookie: __cfduid=d90123bfa1ad376c1663ae35077dadb601604810371; expires=Tue, 08-Dec-20 04:39:31 GMT; path=/; domain=.1.1.1.4; HttpOnly; SameSite=Lax\r\ncf-request-id: 0647c00b530000364fd606e000000001\r\nSe'"
1.1.1.4,443,https,open,tcpscan,"NULL","NULL","b'HTTP/1.1 400 Bad Request\r\nServer: cloudflare\r\nDate: Sun, 08 Nov 2020 04:39:32 GMT\r\nContent-Type: text/html\r\nContent-Length: 253\r\nConnection: close\r\nCF-RAY: -\r\n\r\n<html>\r\n<head><title>400 The plain HTTP request was sent to HTTPS port</title></head>\r\n<body>\r\n<center><h1>400 Bad Request</h1></center>\r\n<center>The plain HTTP request was sent to HTTPS port</center>\r\n<hr><center>cloudflare</center>\r\n</body>\r\n</html>\r\n'"
1.1.1.4,25,unkonw,filtered,tcpscan,"NULL","NULL","timed out"
1.1.1.4,110,unkonw,filtered,tcpscan,"NULL","NULL","timed out"
1.1.1.4,25,smtp,filtered,nmap,"","","NULL"
1.1.1.4,80,http,open,nmap,"Cloudflare http proxy","","NULL"
1.1.1.4,110,pop3,filtered,nmap,"","","NULL"
1.1.1.4,443,https,open,nmap,"cloudflare","","NULL"
8.8.8.8,25,unkonw,filtered,tcpscan,"NULL","NULL","timed out"
8.8.8.8,110,unkonw,filtered,tcpscan,"NULL","NULL","timed out"
8.8.8.8,25,smtp,filtered,nmap,"","","NULL"
8.8.8.8,80,http,filtered,nmap,"","","NULL"
8.8.8.8,110,pop3,filtered,nmap,"","","NULL"
8.8.8.8,443,https,filtered,nmap,"","","NULL"
1.1.1.1,443,https,open,tcpscan,"NULL","NULL","b'HTTP/1.1 400 Bad Request\r\nServer: cloudflare\r\nDate: Sun, 08 Nov 2020 05:47:03 GMT\r\nContent-Type: text/html\r\nContent-Length: 253\r\nConnection: close\r\nCF-RAY: -\r\n\r\n<html>\r\n<head><title>400 The plain HTTP request was sent to HTTPS port</title></head>\r\n<body>\r\n<center><h1>400 Bad Request</h1></center>\r\n<center>The plain HTTP request was sent to HTTPS port</center>\r\n<hr><center>cloudflare</center>\r\n</body>\r\n</html>\r\n'"
1.1.1.1,80,unkonw,filtered,tcpscan,"NULL","NULL","timed out"
1.1.1.1,80,http,open,nmap,"Cloudflare http proxy","","NULL"
1.1.1.1,443,http,open,nmap,"Cloudflare http proxy","","NULL"
1.1.1.2,80,https,open,tcpscan,"NULL","NULL","b'HTTP/1.1 302 Moved Temporarily\r\nDate: Sun, 08 Nov 2020 05:47:03 GMT\r\nTransfer-Encoding: chunked\r\nConnection: keep-alive\r\nCache-Control: private, max-age=0, no-store, no-cache, must-revalidate, post-check=0, pre-check=0\r\nExpires: Thu, 01 Jan 1970 00:00:01 GMT\r\nLocation: https://one.one.one.one/family/\r\ncf-request-id: 0647fddd5b00009989ed9c3000000001\r\nServer: cloudflare\r\nCF-RAY: 5eecff422a849989-LAX\r\n\r\n0\r\n\r\n'"
1.1.1.2,443,https,open,tcpscan,"NULL","NULL","b'HTTP/1.1 400 Bad Request\r\nServer: cloudflare\r\nDate: Sun, 08 Nov 2020 05:47:03 GMT\r\nContent-Type: text/html\r\nContent-Length: 253\r\nConnection: close\r\nCF-RAY: -\r\n\r\n<html>\r\n<head><title>400 The plain HTTP request was sent to HTTPS port</title></head>\r\n<body>\r\n<center><h1>400 Bad Request</h1></center>\r\n<center>The plain HTTP request was sent to HTTPS port</center>\r\n<hr><center>cloudflare</center>\r\n</body>\r\n</html>\r\n'"
1.1.1.2,80,http,open,nmap,"Cloudflare http proxy","","NULL"
1.1.1.2,443,http,open,nmap,"Cloudflare http proxy","","NULL"
1.1.1.4,80,http,open,tcpscan,"NULL","NULL","b'HTTP/1.1 403 Forbidden\r\nDate: Sun, 08 Nov 2020 05:47:03 GMT\r\nContent-Type: text/plain; charset=UTF-8\r\nContent-Length: 16\r\nConnection: close\r\nX-Frame-Options: SAMEORIGIN\r\nCache-Control: private, max-age=0, no-store, no-cache, must-revalidate, post-check=0, pre-check=0\r\nExpires: Thu, 01 Jan 1970 00:00:01 GMT\r\nSet-Cookie: __cfduid=d217efaa80e6c5ed8f9708b4d7cd053c41604814423; expires=Tue, 08-Dec-20 05:47:03 GMT; path=/; domain=.1.1.1.4; HttpOnly; SameSite=Lax\r\ncf-request-id: 0647fddeae000004dbdf970000000001\r\nSe'"
1.1.1.4,443,https,open,tcpscan,"NULL","NULL","b'HTTP/1.1 400 Bad Request\r\nServer: cloudflare\r\nDate: Sun, 08 Nov 2020 05:47:04 GMT\r\nContent-Type: text/html\r\nContent-Length: 253\r\nConnection: close\r\nCF-RAY: -\r\n\r\n<html>\r\n<head><title>400 The plain HTTP request was sent to HTTPS port</title></head>\r\n<body>\r\n<center><h1>400 Bad Request</h1></center>\r\n<center>The plain HTTP request was sent to HTTPS port</center>\r\n<hr><center>cloudflare</center>\r\n</body>\r\n</html>\r\n'"
1.1.1.4,80,http,open,nmap,"Cloudflare http proxy","","NULL"
1.1.1.4,443,https,open,nmap,"cloudflare","","NULL"
1.1.1.1,80,https,open,tcpscan,"NULL","NULL","b'HTTP/1.1 301 Moved Permanently\r\nDate: Sun, 08 Nov 2020 08:36:06 GMT\r\nContent-Type: text/html\r\nTransfer-Encoding: chunked\r\nConnection: keep-alive\r\nLocation: https://1.1.1.1/\r\nServed-In-Seconds: 0.000\r\nCF-Cache-Status: HIT\r\nAge: 1592\r\nExpires: Sun, 08 Nov 2020 12:36:06 GMT\r\nCache-Control: public, max-age=14400\r\ncf-request-id: 064898a4cf000036155a210000000001\r\nServer: cloudflare\r\nCF-RAY: 5eedf6e7a8f53615-LAX\r\n\r\nba\r\n<html>\r\n<head><title>301 Moved Permanently</title></head>\r\n<body bgcolor=white>\r\n<center><h1>3'"
1.1.1.1,443,https,open,tcpscan,"NULL","NULL","b'HTTP/1.1 400 Bad Request\r\nServer: cloudflare\r\nDate: Sun, 08 Nov 2020 08:36:07 GMT\r\nContent-Type: text/html\r\nContent-Length: 253\r\nConnection: close\r\nCF-RAY: -\r\n\r\n<html>\r\n<head><title>400 The plain HTTP request was sent to HTTPS port</title></head>\r\n<body>\r\n<center><h1>400 Bad Request</h1></center>\r\n<center>The plain HTTP request was sent to HTTPS port</center>\r\n<hr><center>cloudflare</center>\r\n</body>\r\n</html>\r\n'"
1.1.1.1,80,http,open,nmap,"Cloudflare http proxy","","NULL"
1.1.1.1,443,http,open,nmap,"Cloudflare http proxy","","NULL"
1.1.1.1,80,https,open,tcpscan,"NULL","NULL","b'HTTP/1.1 301 Moved Permanently\r\nDate: Sun, 08 Nov 2020 08:41:09 GMT\r\nContent-Type: text/html\r\nTransfer-Encoding: chunked\r\nConnection: keep-alive\r\nLocation: https://1.1.1.1/\r\nServed-In-Seconds: 0.000\r\nCF-Cache-Status: HIT\r\nAge: 1895\r\nExpires: Sun, 08 Nov 2020 12:41:09 GMT\r\nCache-Control: public, max-age=14400\r\ncf-request-id: 06489d42890000363c602be000000001\r\nServer: cloudflare\r\nCF-RAY: 5eedfe4a7b0a363c-LAX\r\n\r\nba\r\n<html>\r\n<head><title>301 Moved Permanently</title></head>\r\n<body bgcolor=white>\r\n<center><h1>3'"
1.1.1.1,443,https,open,tcpscan,"NULL","NULL","b'HTTP/1.1 400 Bad Request\r\nServer: cloudflare\r\nDate: Sun, 08 Nov 2020 08:41:10 GMT\r\nContent-Type: text/html\r\nContent-Length: 253\r\nConnection: close\r\nCF-RAY: -\r\n\r\n<html>\r\n<head><title>400 The plain HTTP request was sent to HTTPS port</title></head>\r\n<body>\r\n<center><h1>400 Bad Request</h1></center>\r\n<center>The plain HTTP request was sent to HTTPS port</center>\r\n<hr><center>cloudflare</center>\r\n</body>\r\n</html>\r\n'"
1.1.1.1,80,http,open,nmap,"Cloudflare http proxy","","NULL"
1.1.1.1,443,http,open,nmap,"Cloudflare http proxy","","NULL"
1.1.1.1,80,https,open,tcpscan,"NULL","NULL","b'HTTP/1.1 301 Moved Permanently\r\nDate: Sun, 08 Nov 2020 08:46:31 GMT\r\nContent-Type: text/html\r\nTransfer-Encoding: chunked\r\nConnection: keep-alive\r\nLocation: https://1.1.1.1/\r\nServed-In-Seconds: 0.000\r\nCF-Cache-Status: HIT\r\nAge: 2217\r\nExpires: Sun, 08 Nov 2020 12:46:31 GMT\r\nCache-Control: public, max-age=14400\r\ncf-request-id: 0648a22af50000e7989c3d0000000001\r\nServer: cloudflare\r\nCF-RAY: 5eee0624b86ce798-LAX\r\n\r\nba\r\n<html>\r\n<head><title>301 Moved Permanently</title></head>\r\n<body bgcolor=white>\r\n<center><h1>3'"
1.1.1.1,443,https,open,tcpscan,"NULL","NULL","b'HTTP/1.1 400 Bad Request\r\nServer: cloudflare\r\nDate: Sun, 08 Nov 2020 08:46:31 GMT\r\nContent-Type: text/html\r\nContent-Length: 253\r\nConnection: close\r\nCF-RAY: -\r\n\r\n<html>\r\n<head><title>400 The plain HTTP request was sent to HTTPS port</title></head>\r\n<body>\r\n<center><h1>400 Bad Request</h1></center>\r\n<center>The plain HTTP request was sent to HTTPS port</center>\r\n<hr><center>cloudflare</center>\r\n</body>\r\n</html>\r\n'"
1.1.1.1,80,https,open,tcpscan,"NULL","NULL","b'HTTP/1.1 301 Moved Permanently\r\nDate: Sun, 08 Nov 2020 08:47:11 GMT\r\nContent-Type: text/html\r\nTransfer-Encoding: chunked\r\nConnection: keep-alive\r\nLocation: https://1.1.1.1/\r\nServed-In-Seconds: 0.000\r\nCF-Cache-Status: HIT\r\nAge: 2257\r\nExpires: Sun, 08 Nov 2020 12:47:11 GMT\r\nCache-Control: public, max-age=14400\r\ncf-request-id: 0648a2c7dc0000eb2141011000000001\r\nServer: cloudflare\r\nCF-RAY: 5eee071fc973eb21-LAX\r\n\r\n'"
1.1.1.1,80,https,open,tcpscan,"NULL","NULL","b'HTTP/1.1 301 Moved Permanently\r\nDate: Sun, 08 Nov 2020 08:47:52 GMT\r\nContent-Type: text/html\r\nTransfer-Encoding: chunked\r\nConnection: keep-alive\r\nLocation: https://1.1.1.1/\r\nServed-In-Seconds: 0.000\r\nCF-Cache-Status: HIT\r\nAge: 2298\r\nExpires: Sun, 08 Nov 2020 12:47:52 GMT\r\nCache-Control: public, max-age=14400\r\ncf-request-id: 0648a36a40000004dbda3bb000000001\r\nServer: cloudflare\r\nCF-RAY: 5eee08239d7304db-LAX\r\n\r\nba\r\n<html>\r\n<head><title>301 Moved Permanently</title></head>\r\n<body bgcolor=white>\r\n<center><h1>3'"
1.1.1.1,443,https,open,tcpscan,"NULL","NULL","b'HTTP/1.1 400 Bad Request\r\nServer: cloudflare\r\nDate: Sun, 08 Nov 2020 08:47:53 GMT\r\nContent-Type: text/html\r\nContent-Length: 253\r\nConnection: close\r\nCF-RAY: -\r\n\r\n<html>\r\n<head><title>400 The plain HTTP request was sent to HTTPS port</title></head>\r\n<body>\r\n<center><h1>400 Bad Request</h1></center>\r\n<center>The plain HTTP request was sent to HTTPS port</center>\r\n<hr><center>cloudflare</center>\r\n</body>\r\n</html>\r\n'"
1.1.1.1,80,https,open,tcpscan,"NULL","NULL","b'HTTP/1.1 301 Moved Permanently\r\nDate: Sun, 08 Nov 2020 08:48:54 GMT\r\nContent-Type: text/html\r\nTransfer-Encoding: chunked\r\nConnection: keep-alive\r\nLocation: https://1.1.1.1/\r\nServed-In-Seconds: 0.000\r\nCF-Cache-Status: HIT\r\nAge: 2360\r\nExpires: Sun, 08 Nov 2020 12:48:54 GMT\r\nCache-Control: public, max-age=14400\r\ncf-request-id: 0648a4595f000078009e955000000001\r\nServer: cloudflare\r\nCF-RAY: 5eee09a23d727800-LAX\r\n\r\nba\r\n<html>\r\n<head><title>301 Moved Permanently</title></head>\r\n<body bgcolor=white>\r\n<center><h1>3'"
1.1.1.1,443,https,open,tcpscan,"NULL","NULL","b'HTTP/1.1 400 Bad Request\r\nServer: cloudflare\r\nDate: Sun, 08 Nov 2020 08:48:54 GMT\r\nContent-Type: text/html\r\nContent-Length: 253\r\nConnection: close\r\nCF-RAY: -\r\n\r\n<html>\r\n<head><title>400 The plain HTTP request was sent to HTTPS port</title></head>\r\n<body>\r\n<center><h1>400 Bad Request</h1></center>\r\n<center>The plain HTTP request was sent to HTTPS port</center>\r\n<hr><center>cloudflare</center>\r\n</body>\r\n</html>\r\n'"
1.1.1.1,80,https,open,tcpscan,"NULL","NULL","b'HTTP/1.1 301 Moved Permanently\r\nDate: Sun, 08 Nov 2020 09:54:54 GMT\r\nContent-Type: text/html\r\nTransfer-Encoding: chunked\r\nConnection: keep-alive\r\nLocation: https://1.1.1.1/\r\nServed-In-Seconds: 0.000\r\nCF-Cache-Status: HIT\r\nAge: 6320\r\nExpires: Sun, 08 Nov 2020 13:54:54 GMT\r\nCache-Control: public, max-age=14400\r\ncf-request-id: 0648e0c6f30000eb4924b7f000000001\r\nServer: cloudflare\r\nCF-RAY: 5eee6a518945eb49-LAX\r\n\r\n'"
1.1.1.1,443,https,open,tcpscan,"NULL","NULL","b'HTTP/1.1 400 Bad Request\r\nServer: cloudflare\r\nDate: Sun, 08 Nov 2020 09:54:54 GMT\r\nContent-Type: text/html\r\nContent-Length: 253\r\nConnection: close\r\nCF-RAY: -\r\n\r\n<html>\r\n<head><title>400 The plain HTTP request was sent to HTTPS port</title></head>\r\n<body>\r\n<center><h1>400 Bad Request</h1></center>\r\n<center>The plain HTTP request was sent to HTTPS port</center>\r\n<hr><center>cloudflare</center>\r\n</body>\r\n</html>\r\n'"
1.1.1.1,80,https,open,tcpscan,"NULL","NULL","b'HTTP/1.1 301 Moved Permanently\r\nDate: Sun, 08 Nov 2020 09:57:28 GMT\r\nContent-Type: text/html\r\nTransfer-Encoding: chunked\r\nConnection: keep-alive\r\nLocation: https://1.1.1.1/\r\nServed-In-Seconds: 0.000\r\nCF-Cache-Status: HIT\r\nAge: 6474\r\nExpires: Sun, 08 Nov 2020 13:57:28 GMT\r\nCache-Control: public, max-age=14400\r\ncf-request-id: 0648e320860000e4e28b2ea000000001\r\nServer: cloudflare\r\nCF-RAY: 5eee6e140a8ce4e2-LAX\r\n\r\nba\r\n<html>\r\n<head><title>301 Moved Permanently</title></head>\r\n<body bgcolor=white>\r\n<center><h1>3'"
1.1.1.1,443,https,open,tcpscan,"NULL","NULL","b'HTTP/1.1 400 Bad Request\r\nServer: cloudflare\r\nDate: Sun, 08 Nov 2020 09:57:28 GMT\r\nContent-Type: text/html\r\nContent-Length: 253\r\nConnection: close\r\nCF-RAY: -\r\n\r\n<html>\r\n<head><title>400 The plain HTTP request was sent to HTTPS port</title></head>\r\n<body>\r\n<center><h1>400 Bad Request</h1></center>\r\n<center>The plain HTTP request was sent to HTTPS port</center>\r\n<hr><center>cloudflare</center>\r\n</body>\r\n</html>\r\n'"
1.1.1.1,443,https,open,tcpscan,"NULL","NULL","b'HTTP/1.1 400 Bad Request\r\nServer: cloudflare\r\nDate: Sun, 08 Nov 2020 09:58:23 GMT\r\nContent-Type: text/html\r\nContent-Length: 253\r\nConnection: close\r\nCF-RAY: -\r\n\r\n<html>\r\n<head><title>400 The plain HTTP request was sent to HTTPS port</title></head>\r\n<body>\r\n<center><h1>400 Bad Request</h1></center>\r\n<center>The plain HTTP request was sent to HTTPS port</center>\r\n<hr><center>cloudflare</center>\r\n</body>\r\n</html>\r\n'"
1.1.1.1,80,https,open,tcpscan,"NULL","NULL","b'HTTP/1.1 301 Moved Permanently\r\nDate: Sun, 08 Nov 2020 09:58:36 GMT\r\nContent-Type: text/html\r\nTransfer-Encoding: chunked\r\nConnection: keep-alive\r\nLocation: https://1.1.1.1/\r\nServed-In-Seconds: 0.000\r\nCF-Cache-Status: HIT\r\nAge: 6542\r\nExpires: Sun, 08 Nov 2020 13:58:36 GMT\r\nCache-Control: public, max-age=14400\r\ncf-request-id: 0648e42b980000eb4924179000000001\r\nServer: cloudflare\r\nCF-RAY: 5eee6fbf59d6eb49-LAX\r\n\r\nba\r\n<html>\r\n<head><title>301 Moved Permanently</title></head>\r\n<body bgcolor=white>\r\n<center><h1>3'"
1.1.1.1,443,https,open,tcpscan,"NULL","NULL","b'HTTP/1.1 400 Bad Request\r\nServer: cloudflare\r\nDate: Sun, 08 Nov 2020 09:58:37 GMT\r\nContent-Type: text/html\r\nContent-Length: 253\r\nConnection: close\r\nCF-RAY: -\r\n\r\n<html>\r\n<head><title>400 The plain HTTP request was sent to HTTPS port</title></head>\r\n<body>\r\n<center><h1>400 Bad Request</h1></center>\r\n<center>The plain HTTP request was sent to HTTPS port</center>\r\n<hr><center>cloudflare</center>\r\n</body>\r\n</html>\r\n'"
1.1.1.1,53,unkonw,filtered,tcpscan,"NULL","NULL","timed out"
1.1.1.1,443,https,open,tcpscan,"NULL","NULL","b'HTTP/1.1 400 Bad Request\r\nServer: cloudflare\r\nDate: Sun, 08 Nov 2020 10:01:08 GMT\r\nContent-Type: text/html\r\nContent-Length: 253\r\nConnection: close\r\nCF-RAY: -\r\n\r\n<html>\r\n<head><title>400 The plain HTTP request was sent to HTTPS port</title></head>\r\n<body>\r\n<center><h1>400 Bad Request</h1></center>\r\n<center>The plain HTTP request was sent to HTTPS port</center>\r\n<hr><center>cloudflare</center>\r\n</body>\r\n</html>\r\n'"
1.1.1.1,853,unkonw,filtered,tcpscan,"NULL","NULL","[WinError 10054] 远程主机强迫关闭了一个现有的连接。"
